text,start,end
Elogeamos,0.8638565022421526,1.325919282511211
las,1.40627802690583,1.526816143497758
vacunas,1.5870852017937223,2.0089686098654713
por,2.169686098654709,2.2701345291479824
su,2.3304035874439464,2.4107623318385656
labor,2.4710313901345295,2.7321973094170406
para,2.852735426008969,2.993363228699552
luchar,3.073721973094171,3.334887892376682
contra,3.4353363228699556,3.6764125560538123
las,3.756771300448431,3.8572197309417047
enfermedades.,3.977757847533633,4.459910313901346
Pero,5.242889733840304,5.363346007604563
parece,5.463726235741445,5.724714828897339
que,5.764866920152091,5.865247148288974
cada,5.945551330798479,6.106159695817491
vez,6.16638783269962,6.306920152091255
más,6.44745247148289,6.5679087452471485
personas,6.648212927756655,7.029657794676806
creen,7.109961977186312,7.330798479087452
que,7.411102661596958,7.5315589353612165
ponen,7.672091254752852,7.892927756653992
en,7.953155893536121,8.013384030418251
riesgo,8.093688212927756,8.41490494296578
nuestra,8.495209125475284,8.736121673003801
salud,8.796349809885932,9.037262357414448
en,9.298250950570342,9.378555133079846
lugar,9.4187072243346,9.619467680608365
de,9.63954372623574,9.679695817490494
protegerla.,9.960947867298579,10.463317535545023
En,10.985781990521327,11.086255924170615
Internet,11.146540284360189,11.628815165876777
hay,11.68909952606635,11.809668246445497
muchísimas,11.86995260663507,12.392417061611374
historias,12.452701421800947,12.89478672985782
sobre,12.995260663507109,13.236398104265403
reacciones,13.377061611374408,13.778957345971563
"alérgicas,",13.81914691943128,14.0
minus,14.742614840989399,15.003533568904594
valías,15.06374558303887,15.445088339222615
e,15.465159010600706,15.4852296819788
incluso,16.087349823321553,16.508833922261484
muerte,16.548975265017667,16.850035335689046
después,16.930318021201412,17.23137809187279
de,17.271519434628974,17.33173144876325
vacunarse.,17.391943462897526,17.913780918727916
Y,18.877173144876323,19.03773851590106
es,19.23844522968198,19.318727915194344
"cierto,",19.35886925795053,19.659929328621907
las,20.062451612903224,20.163096774193548
vacunas,20.20335483870968,20.565677419354838
pueden,20.646193548387096,20.847483870967743
tener,20.907870967741935,21.14941935483871
efectos,21.18967741935484,21.572129032258065
secundarios.,21.67277419354839,22.13574193548387
Veamos,23.02110552763819,23.322613065326635
cómo,23.403015075376885,23.58391959798995
funcionan,23.6643216080402,24.166834170854273
y,24.34773869346734,24.408040201005026
lo,24.488442211055276,24.548743718592966
peligrosas,24.609045226130654,25.111557788944726
que,25.191959798994976,25.272361809045226
son,25.35276381909548,25.513567839195982
realmente.,25.694472361809048,26.116582914572867
El,37.241973094170405,37.32233183856502
sistema,37.36251121076233,37.66385650224215
inmunitario,37.72412556053811,38.3067264573991
es,38.366995515695066,38.46744394618834
un,38.50762331838565,38.58798206278027
complejo,38.64825112107623,38.98977578475336
ejército,39.05004484304933,39.47192825112108
de,39.53219730941704,39.632645739910316
miles,39.71300448430493,39.933991031390136
de,39.97417040358744,40.054529147982066
millones,40.114798206278024,40.45632286995516
de,40.516591928251124,40.59695067264574
"células,",40.657219730941705,41.03892376681615
"soldados,",41.48100502512563,42.003618090452264
servicio,42.42572864321608,42.76743718592965
de,42.807638190954776,42.867939698492464
inteligencia,42.92824120603015,43.591557788944726
y,43.61165829145729,43.63175879396985
fábricas,44.21467336683417,44.63678391959799
de,44.73728643216081,44.83778894472362
armas.,44.89809045226131,45.159396984924626
A,46.28250626566416,46.322606516290726
diario,46.36270676691729,46.72360902255639
recibimos,46.80380952380953,47.3050626566416
incontables,47.405313283208024,48.006817042606514
"ataques,",48.107067669172935,48.52812030075188
pero,48.82887218045113,48.9892731829574
suele,49.049423558897246,49.24992481203007
bastar,49.29002506265664,49.65092731829574
con,49.731127819548874,49.87147869674185
que,49.891528822055136,49.99177944862156
los,50.051929824561405,50.132130325814536
soldados,50.1722305764411,50.5331328320802
inmunitarios,50.55318295739349,51.21483709273183
se,51.295037593984965,51.375238095238096
ocupen,51.435388471177944,51.79629072681704
y,52.07699248120301,52.137142857142855
por,52.1972932330827,52.31759398496241
eso,52.35769423558897,52.51809523809524
no,52.57824561403509,52.65844611528822
nos,52.69854636591479,52.7987969924812
damos,52.838897243107766,53.059448621553884
cuenta.,53.11959899749374,53.25994987468672
Sin,54.20230576441103,54.322606516290726
"embargo,",54.382756892230574,54.72360902255639
si,54.80380952380953,54.90406015037594
la,54.944160401002506,54.98426065162907
infección,55.02436090225564,55.34516290726817
es,55.405313283208024,55.46546365914787
"seria,",55.52561403508772,55.82636591478697
las,56.1471679197995,56.22736842105263
células,56.2674686716792,56.58827067669173
del,56.648421052631576,56.76872180451128
Servicio,56.82887218045113,57.189774436090225
de,57.22987468671679,57.29002506265664
Inteligencia,57.350175438596494,57.95167919799499
reúnen,57.971729323308274,58.39278195488722
información,58.45293233082707,58.95418546365915
sobre,59.054436090225565,59.23488721804512
los,59.31508771929825,59.41533834586466
atacantes,59.49553884711779,59.996791979949876
y,60.01684210526316,60.03689223057644
activan,60.377744360902255,60.73864661654135
las,60.77874686716792,60.838897243107766
fábricas,60.858947368421056,61.0393984962406
de,61.079498746867166,61.139649122807015
armas.,61.17974937343359,61.28
Conocemos,62.1055033557047,62.62899328859061
las,62.68939597315436,62.79006711409396
"armas,",62.87060402684564,63.112214765100674
los,63.474630872483225,63.5551677852349
anticuerpos.,63.615570469798655,64.15919463087249
Son,65.1233734939759,65.2639357429719
misiles,65.32417670682732,65.7659437751004
dirigidos,65.84626506024097,66.3081124497992
que,66.32819277108433,66.38843373493977
se,66.58923694779116,66.66955823293173
producen,66.72979919678716,67.11132530120481
específicamente,67.27196787148594,68.05510040160642
para,68.15550200803213,68.29606425702812
combatir,68.39646586345381,68.79807228915662
al,68.81815261044177,68.85831325301206
invasor.,68.87839357429719,69.05911646586345
Es,70.4659296482412,70.56643216080403
una,70.66693467336684,70.76743718592965
pena,70.86793969849246,71.06894472361809
que,71.12924623115578,71.22974874371859
este,71.37045226130654,71.53125628140704
proceso,71.59155778894473,71.97346733668341
tarde,72.05386934673366,72.31517587939699
varios,72.39557788944724,72.67698492462311
días,72.77748743718593,72.97849246231156
en,72.99859296482413,73.03879396984925
"completarse,",73.05889447236181,73.28
ya,73.34031746031746,74.60698412698413
que,74.6673015873016,74.74772486772487
da,74.76783068783068,74.86835978835978
mucho,74.94878306878307,75.14984126984127
tiempo,75.23026455026455,75.49164021164022
a,75.53185185185185,75.57206349206349
los,75.61227513227513,75.6926984126984
intrusos,75.7731216931217,76.19534391534391
para,76.29587301587301,76.43661375661375
hacer,76.47682539682539,76.7784126984127
daño.,76.85883597883598,77.05989417989417
Y,77.96822429906541,78.06915887850467
el,78.12971962616822,78.23065420560748
dicho,78.31140186915887,78.59401869158879
no,78.67476635514018,78.77570093457943
es,78.89682242990654,78.99775700934579
verdad.,79.05831775700933,79.24
Lo,79.86427586206896,79.9448275862069
que,79.98510344827585,80.08579310344827
no,80.12606896551723,80.20662068965517
nos,80.26703448275862,80.38786206896552
"mata,",80.48855172413792,80.81075862068965
no,81.07255172413792,81.17324137931034
nos,81.21351724137931,81.35448275862069
hace,81.39475862068966,81.59613793103448
más,81.67668965517241,81.79751724137931
fuertes.,81.87806896551724,82.16
Nuestros,83.00485549132948,83.34682080924856
cuerpos,83.44739884393063,83.74913294797688
no,83.84971098265896,83.9100578034682
quieren,83.97040462427745,84.21179190751445
batallas,84.25202312138728,84.7750289017341
una,84.97618497109826,85.15722543352601
y,85.23768786127168,85.29803468208092
otra,85.35838150289017,85.53942196531791
vez.,85.55953757225434,85.64
Por,86.52575163398693,86.64653594771242
"eso,",86.70692810457517,86.8881045751634
el,86.94849673202614,87.00888888888889
sistema,87.04915032679739,87.35111111111111
inmunitario,87.39137254901961,87.93490196078432
ha,87.95503267973857,87.99529411764706
desarrollado,88.23686274509804,88.72
una,88.94153846153846,89.0220979020979
ingeniosa,89.06237762237762,89.56587412587412
forma,89.66657342657342,89.9283916083916
de,89.96867132867132,90.04923076923076
fortalecerse,90.10965034965035,90.87496503496503
con,90.9958041958042,91.13678321678321
el,91.17706293706293,91.25762237762237
tiempo.,91.31804195804196,91.55972027972027
Si,92.9246975088968,93.00498220640569
luchamos,93.06519572953736,93.46661921708186
con,93.5870462633452,93.70747330960855
un,93.76768683274021,93.80782918149467
enemigo,93.84797153024911,94.2493950177936
tan,94.34975088967971,94.51032028469751
peligroso,94.55046263345196,95.03217081850534
como,95.13252669039146,95.29309608540926
para,95.37338078291815,95.51387900355873
activar,95.59416370106761,96.01565836298933
nuestra,96.075871886121,96.3167259786477
artillería,96.33679715302492,96.79843416370107
"pesada,",96.91886120996442,97.21992882562279
el,97.74267379679145,97.82310160427808
sistema,97.88342245989305,98.20513368983958
inmunitario,98.24534759358289,98.74802139037433
crea,98.84855614973263,99.06973262032086
automáticamente,99.25069518716577,100.05497326203209
células,100.07508021390375,100.55764705882353
de,100.59786096256684,100.67828877005347
memoria,100.69839572192514,101.0
que,101.26161490683229,101.36223602484472
permanecen,101.42260869565217,101.86534161490682
en,101.94583850931677,101.98608695652173
nuestro,102.04645962732918,102.287950310559
cuerpo,102.38857142857142,102.67031055900621
dormidas,102.71055900621118,103.19354037267081
durante,103.39478260869565,103.73689440993789
años.,103.81739130434782,104.07900621118011
Lo,105.00510067114094,105.10577181208053
único,105.18630872483222,105.44805369127516
que,105.50845637583892,105.62926174496644
hacen,105.70979865771811,106.07221476510067
es,106.45476510067114,106.59570469798658
recordar.,106.69637583892617,107.11919463087247
Si,108.10577181208053,108.26684563758388
un,108.32724832214764,108.40778523489932
enemigo,108.42791946308725,108.83060402684563
ataca,108.85073825503355,109.2131543624161
por,109.3138255033557,109.43463087248321
segunda,109.53530201342281,109.87758389261745
"vez,",109.91785234899328,110.09906040268456
las,110.42181818181818,110.50262626262625
células,110.54303030303029,110.8460606060606
de,110.86626262626262,110.92686868686869
memoria,110.98747474747475,111.31070707070707
dormidas,111.37131313131313,111.77535353535353
se,111.87636363636364,111.97737373737374
despiertan,111.99757575757576,112.24
y,112.88321608040201,112.92341708542713
ordenan,112.98371859296482,113.30532663316582
ataques,113.3656281407035,113.70733668341708
coordinados,113.8078391959799,114.3505527638191
y,114.37065326633166,114.39075376884422
la,114.6721608040201,114.73246231155778
producción,114.7726633165829,115.19477386934673
de,115.27517587939698,115.33547738693467
anticuerpos.,115.41587939698492,116.01889447236181
Es,116.84301507537688,116.96361809045226
algo,117.02391959798994,117.24502512562813
tan,117.34552763819096,117.4862311557789
rápido,117.6470351758794,117.96864321608041
y,118.00884422110553,118.06914572864322
eficaz,118.12944723618091,118.53145728643216
que,118.69226130653267,118.81286432160805
muchas,118.91336683417086,119.15457286432161
de,119.17467336683417,119.25507537688443
las,119.31537688442212,119.39577889447237
infecciones,119.47618090452262,119.91839195979901
derrotadas,120.24000000000001,120.58228187919464
previamente,120.66281879194632,121.18630872483223
jamás,121.20644295302014,121.7702013422819
nos,121.85073825503356,122.01181208053693
enferman,122.05208053691275,122.41449664429531
de,122.47489932885907,122.55543624161075
nuevo.,122.59570469798659,122.79704697986578
Y,123.48161073825504,123.52187919463088
a,123.58228187919464,123.6426845637584
veces,123.72322147651008,124.04536912751679
nos,124.12590604026846,124.22657718120806
volvemos,124.30711409395974,124.68966442953021
inmunes,124.75006711409397,125.15275167785236
para,125.25342281879196,125.41449664429531
siempre.,125.51516778523491,125.75677852348994
Por,126.30040268456376,126.4413422818792
eso,126.48161073825504,126.6426845637584
los,126.78362416107383,126.90442953020136
niños,126.98496644295302,127.24671140939599
pequeños,127.32724832214765,127.7702013422819
están,127.95140939597316,128.1930201342282
siempre,128.2936912751678,128.61583892617452
malos.,128.69637583892617,128.93798657718122
Aún,129.58228187919465,129.743355704698
no,129.78362416107385,129.8440268456376
tienen,129.94469798657718,130.18630872483223
suficientes,130.24671140939597,130.7903355704698
células,130.85073825503358,131.23328859060405
de,131.27355704697987,131.33395973154364
memoria.,131.39436241610738,131.69637583892617
Y,132.561608040201,132.6219095477387
este,132.7224120603015,132.92341708542713
bonito,133.00381909547738,133.40582914572866
mecanismo,133.4862311557789,134.0289447236181
natural,134.08924623115578,134.53145728643216
es,134.79276381909548,134.8932663316583
la,134.95356783919598,135.03396984924623
base,135.11437185929648,135.39577889447236
de,135.45608040201006,135.5364824120603
las,135.596783919598,135.71738693467339
vacunas.,135.79778894472364,136.1796984924623
¿Cómo,139.00510067114095,139.24671140939597
funcionan,139.34738255033557,139.85073825503358
las,139.91114093959732,140.0118120805369
vacunas?,140.07221476510068,140.43463087248324
Las,141.98496644295304,142.12590604026846
células,142.16617449664432,142.52859060402685
de,142.58899328859061,142.6695302013423
memoria,142.72993288590604,143.1124832214765
son,143.2131543624161,143.37422818791947
"fabulosas,",143.45476510067115,143.97825503355705
pero,144.36060301507538,144.48120603015076
obtenerlas,144.52140703517588,145.02391959798996
mediante,145.08422110552766,145.40582914572866
infecciones,145.46613065326633,145.98874371859299
es,146.00884422110553,146.04904522613066
desagradable,146.49125628140703,147.1545728643216
y,147.3756783919598,147.41587939698493
a,147.47618090452264,147.51638190954776
veces,147.55658291457289,147.83798994974876
peligroso.,147.918391959799,148.1796984924623
Las,148.9435175879397,149.06412060301508
vacunas,149.12442211055279,149.4862311557789
engañan,149.50633165829146,149.9686432160804
a,149.98874371859299,150.00884422110553
nuestros,150.04904522613066,150.33045226130653
cuerpos,150.41085427135678,150.75256281407036
para,150.81286432160806,150.95356783919598
que,151.01386934673369,151.09427135678393
creen,151.17467336683418,151.39577889447236
células,151.45608040201006,151.79778894472364
de,151.83798994974876,151.918391959799
memoria,151.93849246231156,152.24
y,152.50262626262628,152.54303030303032
nos,152.58343434343436,152.66424242424245
inmunicen,152.78545454545454,153.31070707070708
frente,153.39151515151516,153.63393939393941
a,153.67434343434346,153.69454545454548
una,153.77535353535353,153.87636363636364
enfermedad.,153.91676767676768,154.219797979798
Fingen,154.24,155.28697986577183
ser,155.3675167785235,155.52859060402685
una,155.5688590604027,155.6695302013423
infección,155.70979865771812,156.13261744966445
peligrosa.,156.23328859060405,156.69637583892617
Una,157.60180904522613,157.7224120603015
forma,157.80281407035176,158.02391959798996
de,158.08422110552766,158.1646231155779
hacerlo,158.18472361809046,158.54653266331658
es,158.5867336683417,158.66713567839196
inyectar,158.70733668341708,159.08924623115578
invasores,159.16964824120603,159.63195979899498
que,159.65206030150756,159.71236180904523
no,159.87316582914573,159.95356783919598
pueden,160.03396984924623,160.27517587939698
dañar.,160.33547738693468,160.61688442211056
Por,161.68221105527638,161.80281407035176
"ejemplo,",161.84301507537688,162.28522613065329
matándolos,162.54653266331658,163.16964824120603
o,163.55155778894473,163.65206030150756
despedazándolos.,163.7324623115578,164.596783919598
Nuestro,165.32040201005026,165.58170854271359
sistema,165.6219095477387,165.92341708542713
inmunitario,165.96361809045226,166.50633165829146
se,166.56663316582916,166.6470351758794
ocupa,166.70733668341708,166.98874371859299
de,167.0289447236181,167.10934673366836
estos,167.25005025125628,167.49125628140703
tipos,167.57165829145728,167.8329648241206
de,167.87316582914573,167.95356783919598
vacuna,168.01386934673369,168.39577889447236
muy,168.51638190954776,168.61688442211056
fácilmente.,168.6972864321608,169.1796984924623
Sin,169.98371859296483,170.12442211055279
"embargo,",170.1646231155779,170.5867336683417
a,170.8681407035176,170.90834170854274
veces,170.94854271356786,171.22994974874373
es,171.2902512562814,171.37065326633166
necesario,171.41085427135678,171.85306532663319
que,171.87316582914573,171.93346733668344
trabaje,172.13447236180906,172.55658291457289
más,172.71738693467339,172.87819095477388
duro,172.93849246231156,173.11939698492463
para,173.3205369127517,173.46147651006711
producir,173.52187919463088,173.8641610738255
más,174.16617449664432,174.32724832214765
cantidad,174.40778523489934,174.7702013422819
de,174.7903355704698,174.93127516778523
células,174.9715436241611,175.37422818791947
de,175.45476510067115,175.53530201342284
memoria.,175.59570469798658,175.9178523489933
Por,176.6426845637584,176.78362416107385
eso,176.8440268456376,176.98496644295304
las,177.04536912751678,177.16617449664432
vacunas,177.20644295302014,177.5688590604027
vivas,177.64939597315438,177.8910067114094
son,177.9715436241611,178.13261744966445
las,178.17288590604028,178.27355704697987
más,178.39436241610738,178.5151677852349
auténticas.,178.59570469798658,179.1393288590604
El,179.58170854271359,179.66211055276383
enemigo,179.70231155778896,180.06412060301508
que,180.14452261306533,180.24502512562816
puede,180.30532663316583,180.52643216080403
devolver,180.5867336683417,180.9686432160804
el,181.0289447236181,181.10934673366836
golpe,181.14954773869349,181.4510552763819
es,181.6721608040201,181.77266331658294
un,181.8329648241206,181.91336683417086
desafío,181.95356783919598,182.33547738693468
mayor.,182.35557788944723,182.45608040201006
Aunque,183.6426845637584,183.90442953020136
la,183.98496644295304,184.04536912751678
idea,184.10577181208055,184.40778523489934
parece,184.5688590604027,184.95140939597317
descabellada.,184.991677852349,185.63597315436243
¿Y,186.7619771863118,186.90250950570342
si,187.12334600760457,187.24380228136883
ganan,187.3441825095057,187.68547528517112
los,187.72562737642588,187.8460836501901
gérmenes?,187.90631178707224,188.32790874524716
Para,189.01049429657795,189.15102661596958
"evitarlo,",189.2313307984791,189.73323193916352
en,189.9139163498099,189.974144486692
los,190.03437262357414,190.11467680608365
laboratorios,190.17490494296578,190.71695817490496
se,190.7571102661597,190.83741444866922
crean,190.91771863117873,191.1787072243346
primos,191.2590114068441,191.52
debiluchos,191.6807305936073,192.16292237442923
del,192.24328767123288,192.38392694063927
verdadero,192.4241095890411,192.82593607305938
"germen,",192.92639269406394,193.28803652968037
pero,193.83050228310503,193.99123287671233
con,194.05150684931507,194.17205479452056
la,194.2323287671233,194.31269406392695
fuerza,194.3729680365297,194.61406392694064
necesaria,194.6743378995434,195.17662100456621
para,195.2569863013699,195.39762557077628
molestar,195.4378082191781,195.77936073059362
al,195.79945205479453,195.83963470319637
sistema,196.0808376963351,196.30198952879581
inmune,196.34219895287958,196.66387434554974
y,196.82471204188482,196.8649214659686
crear,196.92523560209426,197.20670157068065
bastantes,197.2670157068063,197.74952879581153
células,197.8098429319372,198.191832460733
de,198.23204188481677,198.3124607329843
memoria.,198.37277486910997,198.67434554973823
Y,200.28176271186442,200.3620338983051
estos,200.46237288135595,200.6831186440678
son,200.78345762711865,200.94400000000002
los,201.00420338983054,201.10454237288138
principios,201.18481355932204,201.6664406779661
básicos,201.78684745762715,202.2082711864407
del,202.30861016949154,202.44908474576272
uso,202.5293559322034,202.68989830508477
de,202.75010169491526,202.81030508474578
las,202.8705084745763,202.97084745762714
vacunas.,203.01098305084747,203.43240677966102
Provocan,204.63647457627118,205.11810169491525
una,205.17830508474577,205.27864406779662
reacción,205.33884745762714,205.63986440677968
natural,205.8207329842932,206.10219895287958
en,206.14240837696335,206.22282722513089
nuestros,206.26303664921465,206.56460732984294
cuerpos,206.64502617801048,206.94659685863874
que,206.96670157068064,207.02701570680628
nos,207.3889005235602,207.48942408376965
inmuniza,207.63015706806283,208.11267015706807
frente,208.2131937172775,208.474554973822
a,208.4946596858639,208.51476439790576
enfermedades,208.53486910994766,209.1179057591623
muy,209.1380104712042,209.25863874345552
peligrosas.,209.68072398190046,210.14280542986427
Hay,210.70533936651586,210.80579185520364
vacunas,210.8660633484163,211.28796380090498
que,211.34823529411764,211.4285972850679
deben,211.48886877828056,211.70986425339368
renovarse,211.77013574660634,212.29248868778282
"anualmente,",212.33266968325793,212.89520361990952
como,213.1362895927602,213.29701357466064
la,213.3572850678733,213.41755656108597
de,213.45773755656109,213.51800904977375
la,213.5380995475113,213.61846153846156
"gripe,",213.65864253393667,213.9198190045249
ya,214.20242424242426,214.30343434343436
que,214.3438383838384,214.4448484848485
su,214.50545454545454,214.60646464646464
virus,214.62666666666667,214.88929292929294
muta,214.949898989899,215.17212121212123
"frecuentemente,",215.2327272727273,215.87919191919192
pero,216.38211055276383,216.54291457286433
la,216.62331658291458,216.68361809045226
mayoría,216.74391959798996,217.08562814070353
nos,217.1459296482412,217.28663316582916
protege,217.34693467336683,217.7489447236181
durante,217.80924623115578,218.09065326633166
muchos,218.25145728643216,218.49266331658293
años,218.59316582914573,218.81427135678393
o,218.83437185929648,218.85447236180906
toda,219.21628140703518,219.45748743718593
la,219.49768844221106,219.55798994974876
vida.,219.61829145728643,219.7991959798995
Aunque,219.98020202020203,220.16202020202022
hay,220.18222222222224,220.26303030303032
una,220.32363636363638,220.40444444444447
"trampa,",220.4246464646465,220.92969696969698
como,222.94492462311558,223.10572864321608
todo,223.2062311557789,223.38713567839196
en,223.42733668341708,223.48763819095478
la,223.5278391959799,223.5881407035176
"vida,",223.64844221105528,223.86954773869348
las,223.88964824120603,223.94994974874373
vacunas,224.15095477386936,224.53286432160806
tienen,224.63336683417086,224.91477386934673
otra,225.17608040201006,225.4172864321608
cara.,225.51778894472363,225.7388944723618
Los,226.54585858585858,226.6670707070707
efectos,226.7680808080808,227.1519191919192
secundarios.,227.2529292929293,227.81858585858586
¿Qué,228.72381909547738,228.86452261306533
son,228.9851256281407,229.22633165829146
y,229.82934673366836,229.86954773869348
qué,229.97005025125628,230.0705527638191
sucede,230.15095477386936,230.63336683417086
si,230.69366834170856,230.7740703517588
un,230.81427135678393,230.89467336683418
niño,230.9348743718593,231.21628140703518
sufre,231.316783919598,231.5780904522613
alguno?,231.59819095477388,231.91979899497488
El,233.58626262626262,233.6670707070707
riesgo,233.7680808080808,234.09131313131314
de,234.17212121212123,234.2529292929293
las,234.31353535353537,234.41454545454548
vacunas.,234.49535353535353,234.89939393939395
Es,235.92482412060303,236.02532663316583
complicado,236.10572864321608,236.56804020100503
comparar,236.64844221105528,237.09065326633166
directamente,237.15095477386936,237.69366834170856
los,237.7137688442211,237.7740703517588
efectos,237.79417085427136,237.9348743718593
secundarios,237.95497487437186,238.316783919598
de,238.33688442211056,238.37708542713568
las,238.39718592964826,238.45748743718593
vacunas,238.4775879396985,238.7991959798995
con,239.38424242424244,239.8488888888889
los,239.90949494949496,239.99030303030304
efectos,240.07111111111112,240.39434343434345
de,240.45494949494952,240.53575757575757
las,240.5559595959596,240.63676767676768
enfermedades.,240.6569696969697,240.91959595959597
Por,241.8432713754647,241.94364312267658
"ejemplo,",242.00386617100372,242.38527881040892
en,242.68639405204462,242.78676579925653
Occidente,242.82691449814126,243.288624535316
hay,243.32877323420075,243.44921933085502
cientos,243.50944237918216,243.81055762081786
de,243.85070631970262,243.93100371747212
millones,243.9711524163569,244.3324907063197
de,244.39271375464685,244.47301115241638
personas,244.55330855018587,244.95479553903348
vacunadas,245.03509293680298,245.55702602230485
contra,245.65739776951673,245.83806691449814
el,245.8782156133829,245.93843866171005
"sarampión,",245.95851301115243,246.36
pero,246.98166219839143,247.52310991957106
en 2018,247.7838069705094,248.12471849865952
hubo 83,248.30520107238607,248.9669705093834
mil,249.24772117962468,249.3880965147453
casos,249.4683109919571,249.74906166219841
en,249.9495978552279,250.0298123324397
Europa.,250.13008042895444,250.47099195710456
Con,251.11270777479893,251.25308310991957
cifras,251.33329758713137,251.65415549597856
tan,251.7945308310992,251.9549597855228
"dispares,",251.9950670241287,252.55656836461128
pueden,252.69694369973192,252.9375871313673
provocar,252.99774798927615,253.41887399463806
miedo,253.49908847184986,253.71967828418232
los,253.73973190348525,253.84
efectos,254.0809195402299,254.36199233716476
secundarios,254.40214559386973,254.94421455938698
leves,255.02452107279694,255.24536398467433
en,255.2654406130268,255.3055938697318
comparación,255.7071264367816,256.22911877394637
con,256.3094252873563,256.42988505747127
los,256.49011494252875,256.5904980842912
malos,256.69088122605365,256.9318007662835
efectos,257.01210727969345,257.3734865900383
de,257.43371647509576,257.51402298850576
una,257.5541762452107,257.6545593869732
enfermedad,257.69471264367814,258.1564750957854
que,258.2367816091954,258.3572413793103
ya,258.3973946360153,258.51785440613025
no,258.57808429118774,258.6784674329502
es,258.7587739463601,258.91938697318005
muy,258.99969348659005,259.08
común.,259.3207038123167,259.541348973607
Antes,260.4841055718475,260.68469208211144
de,260.7248093841642,260.78498533724337
que,260.8050439882698,260.88527859237536
apareciera,260.94545454545454,261.3867448680352
la,261.44692082111436,261.50709677419354
vacuna,261.54721407624635,261.888211143695
del,261.9283284457478,262.02862170087974
"sarampión,",262.0887976539589,262.57020527859237
"en 1963,",262.59026392961874,262.63038123167155
prácticamente,262.67049853372436,263.03155425219944
todos,263.0716715542522,263.25219941348973
los,263.2722580645161,263.3324340175953
niños,263.3725513196481,263.49290322580646
de,266.04036036036035,266.1005405405406
la,266.14066066066067,266.20084084084084
tierra,266.240960960961,266.4816816816817
lo,266.56192192192196,266.64216216216215
padecían,266.7023423423424,267.16372372372376
en,267.3242042042042,267.4245045045045
algún,267.46462462462466,267.66522522522524
momento.,267.7454654654655,268.10654654654655
Se,269.14966966966966,269.27003003003006
estima,269.3703303303304,269.6712312312313
que,269.73141141141144,269.7915915915916
en,269.8317117117117,269.89189189189193
los 50,269.9520720720721,270.01225225225227
había 135,270.07243243243244,270.49369369369373
millones,270.7544744744745,271.17573573573577
de,272.7410370370371,272.90222222222224
casos.,272.9626666666667,273.2648888888889
Todos,274.21185185185186,274.53422222222224
los,274.6148148148148,274.7357037037037
años.,274.83644444444445,275.05807407407406
¿Pero,276.1832209737828,276.3638951310861
de,276.5445692883895,276.6047940074906
verdad,276.64494382022474,276.9059176029962
el,276.96614232209737,277.0865917602996
sarampión,277.1066666666667,277.5683895131086
es,277.58846441947566,277.6687640449438
tan,277.769138576779,277.9096629213483
peligroso,277.96988764044943,278.4316104868914
hoy,278.5922097378277,278.75280898876406
en,278.7929588014981,278.8732584269663
día,278.93348314606743,279.15430711610486
con,279.3149063670412,279.43535580524343
nuestros,279.4955805243446,279.77662921348315
avanzados,279.8569288389513,280.31865168539326
sistemas,280.3588014981273,280.68
sanitarios,280.840608365019,281.32243346007607
y,281.34250950570345,281.3625855513308
nuevas,281.7239543726236,281.9849429657795
tecnologías?,282.06524714828896,282.66752851711027
¿Vale,283.57095057034223,283.81186311787076
la,283.83193916349813,283.89216730038027
pena,283.9724714828898,284.15315589353617
el,284.1933079847909,284.2736121673004
riesgo,284.3739923954373,284.6751330798479
de,284.73536121673004,284.81566539923955
los,284.8558174904943,284.9561977186312
efectos,285.0365019011407,285.3577186311787
secundarios,285.41794676806086,285.9198479087453
de,286.1218823529412,286.18258823529413
su,286.22305882352947,286.30400000000003
vacuna?,286.32423529411767,286.648
Hagamos,287.7602787456446,288.10146341463417
un,288.1616724738676,288.22188153310105
experimento,288.26202090592335,288.86411149825784
basado,288.94439024390243,289.30564459930315
en,289.34578397212545,289.4461324041812
cifras,289.5063414634146,289.82745644599305
reales.,289.94787456445994,290.3291986062718
Imaginemos,291.1319860627178,291.7140069686411
un,291.73407665505226,291.77421602787456
país,291.9949825783972,292.1555400696864
desarrollado,292.1756097560976,292.8379094076655
en,292.85797909407665,292.89811846689895
un,293.038606271777,293.1188850174216
mundo,293.1389547038327,293.44
paralelo.,293.66108374384237,294.0630541871921
Tiene,294.5655172413793,294.76650246305417
un,294.82679802955664,294.8870935960591
buen,294.92729064039406,295.0679802955665
sistema,295.12827586206896,295.44985221674875
de,295.49004926108375,295.5704433497537
"salud,",295.6307389162561,295.8920197044335
pero,296.13320197044334,296.27389162561576
la,296.3140886699507,296.3743842364532
gente,296.43467980295566,296.7160591133005
deja,296.79645320197045,296.9974384236453
de,297.05773399014777,297.11802955665024
vacunarse.,297.1582266009852,297.52
En,298.56347826086954,298.64374581939796
este,298.7039464882943,298.8845484949833
"escenario,",298.92468227424746,299.40628762541803
digamos,299.586889632107,299.9079598662207
que 10,299.968160535117,300.1286956521739
millones,300.4698327759197,300.8310367892976
de,300.87117056856187,300.9514381270903
niños,301.0116387959866,301.2925752508361
enferman,301.3126421404682,301.8945819397993
de,301.93471571906355,302.01498327759197
sarampión.,302.05511705685615,302.57685618729096
¿Qué,303.0183277591973,303.0985953177257
pasaría?,303.2390635451505,303.52
9 millones 800,304.62317002881844,305.66616714697403
"mil,",305.7664553314121,305.9670317002882
el 98%,306.2478386167147,306.3080115273775
tendrían,307.5515850144092,307.972795389049
fiebre,308.0329682997118,308.3137752161383
alta,308.33383285302597,308.6547550432277
y,308.6748126801153,308.6948703170029
un,308.9556195965418,309.0157925072046
sarpullido,309.03585014409225,309.5974639769453
muy,309.6977521613833,309.8582132564842
desagradable.,309.8983285302594,310.4198270893372
Hasta 800,311.2429803921569,311.4638431372549
"mil,",312.307137254902,312.50792156862747
un 8%,312.8492549019608,313.69254901960784
padecerían,313.953568627451,314.576
una,314.6362352941177,314.7366274509804
peligrosa,314.8169411764706,315.2787450980392
diarrea.,315.35905882352944,315.6
"700 mil,",316.5631683168317,317.48620462046205
el 7%,317.606600660066,318.28884488448847
sufrirían,318.52963696369636,318.9510231023103
una,318.99115511551156,319.0714191419142
infección,319.11155115511554,319.45267326732676
de,319.49280528052805,319.57306930693073
oído,319.63326732673266,319.89412541254126
que,319.95432343234324,320.0345874587459
podría,320.09478547854786,320.3355775577558
derivar,320.41584158415844,320.7168316831683
en,320.73689768976897,320.9776897689769
una,321.0178217821782,321.1382178217822
pérdida,321.2184818481848,321.49940594059404
auditiva,321.51947194719475,321.68
permanente. 600.000,322.16130081300815,323.9260704607046
"niños,",324.0062872628726,324.3472086720867
"el 6%,",324.3672628726287,325.369972899729
acabarían,325.410081300813,326.03176151761517
con,326.1119783197832,326.2323035230352
"neumonía,",326.31252032520325,326.8138753387534
el,326.8339295392954,326.87403794037937
efecto,327.2751219512195,327.6962601626016
más,327.81658536585365,327.9369105691057
peligroso,327.9970731707317,328.4382655826558
del,328.4984281842818,328.59869918699184
sarampión.,328.65886178861786,329.059945799458
Solo,330.12242424242424,330.3228904428904
esto,330.4030769230769,330.6235897435897
mataría,330.6837296037296,331.1448018648019
a 12.000,331.34526806526804,331.9667132867133
niños.,332.04689976689974,332.42778554778556
"Hasta 10.000,",333.53034965034965,333.7308158508159
"el 0,1%",333.9112354312354,336.096317016317
sufrirían,336.3970163170163,336.99841491841494
encefalitis.,337.03850815850814,337.68
"2.500, el 0,025%",339.3233265720081,339.6439756592292
contraería,341.2472210953347,342.93062880324544
"PES,",343.1109939148073,343.91261663286
una,344.43367139959435,344.5338742393509
enfermedad,344.57395537525355,345.01484787018256
en,345.0950101419878,345.15513184584177
la,345.1952129817444,345.2753752535497
que,345.3154563894523,345.4356997971602
el,345.4757809330629,345.5559432048682
virus,345.5960243407708,345.87659229208924
del,345.9166734279919,346.0569574036511
sarampión,346.09703853955375,346.65817444219067
ronda,347.07902636916833,347.3195131845842
por,347.3395537525355,347.39967545638945
el,347.4197160243408,347.49987829614605
cerebro,347.7405084745763,348.0413559322034
y,348.2218644067797,348.26197740112997
mata,348.3221468926554,348.5427683615819
años,348.74333333333334,348.9639548022599
después.,349.04418079096047,349.42525423728813
En,350.44813559322034,350.52836158192093
"conjunto,",350.60858757062147,351.11
"unos 2,5",351.47101694915256,351.671581920904
millones,352.7546327683616,353.11564971751415
de,353.19587570621474,353.25604519774015
niños,353.31621468926556,353.6170621468927
sufrirían,353.97807909604524,354.4393785310735
algún,354.4594350282486,354.5597175141243
efecto,354.84049315068495,355.10120547945206
serio,355.2014794520548,355.50230136986306
por,355.62263013698634,355.7429589041096
el,355.80312328767127,355.84323287671236
sarampión.,355.88334246575346,356.38471232876714
Y,356.4047671232877,356.42482191780823
cerca,357.80860273972604,358.1294794520548
de 20.000,358.1695890410959,358.2498082191781
morirían.,358.2899178082192,358.4904657534247
Pero,361.98,362.10050632911395
no,362.1607594936709,362.2009282700422
se,362.24109704641353,362.3013502109705
detendría,362.3415189873418,362.92396624472576
aquí.,363.06455696202534,363.3457383966245
Después,363.88801687763714,364.2093670886076
de,364.2495358649789,364.32987341772156
superar,364.39012658227847,364.71147679324895
el,364.7516455696203,364.81189873417725
"sarampión,",364.8319831223629,365.3340928270042
el,365.3541772151899,365.63535864978905
sistema,365.67552742616033,365.9567088607595
inmunitario,365.9968776371308,366.51907172995783
de,366.53915611814347,366.59940928270044
los,366.6194936708861,366.74
niños,366.8404184100419,367.0613389121339
quedaría,367.14167364016737,367.503179916318
dañado,367.58351464435145,367.9249372384937
y,368.266359832636,368.28644351464436
tardaría,368.3266108786611,368.7082008368201
mucho,368.80861924686195,368.98937238493727
en,369.00945606694563,369.0897907949791
"regenerarse,",369.1299581589958,369.75255230125526
dando,370.0939748953975,370.3550627615063
oportunidad,370.43539748953975,371.01782426778243
a,371.0379079497908,371.05799163179915
otras,371.0780753138076,371.1784937238494
enfermedades,371.70056537102477,372.2424734982332
para,372.3227561837456,372.44318021201417
hacer,372.4632508833922,372.68402826855123
más,372.74424028268555,372.8847349823322
daño.,372.94494699646646,373.22593639575973
"Además,",374.18932862190815,374.59074204947
lo,374.83159010600707,374.91187279151944
que,374.9720848056537,375.0523674911661
sí,375.13265017667845,375.23300353356893
está,375.2932155477032,375.4939222614841
casi,375.5942756183746,375.87526501766786
garantizado,375.97561837455834,376.61787985865726
es,376.91893992932864,376.999222614841
que,377.0192932862191,377.0995759717315
los,377.13971731448765,377.22
niños,377.4005521472393,377.62122699386504
pasarían,377.7215337423313,378.20300613496937
muy,378.32337423312885,378.4437423312884
mal,378.5239877300614,378.6844785276074
unas,378.8850920245399,379.10576687116566
dos,379.24619631901845,379.3665644171779
semanas.,379.4468098159509,379.86809815950926
"Bien,",380.93134969325155,381.1720858895706
pero,381.4930674846626,381.69368098159515
¿qué,381.85417177914115,381.9544785276074
pasa,382.0347239263804,382.2754601226994
con,382.35570552147243,382.4961349693252
las,382.5763803680982,382.67668711656444
vacunas?,382.7569325153375,383.13809815950924
Lo,383.2384049079755,383.27852760736204
justo,383.96059523809527,384.18125000000003
es,384.2414285714286,384.3216666666667
ver,384.3818452380953,384.52226190476193
también,384.62255952380957,384.9435119047619
sus,385.0638690476191,385.20428571428573
riesgos.,385.3246428571429,385.72583333333336
Repitamos,387.15005952380955,387.67160714285717
nuestro,387.69166666666666,388.03267857142856
"experimento,",388.07279761904766,388.7147023809524
poniendo,389.03565476190477,389.4769642857143
la,389.53714285714284,389.59732142857143
triple,389.6775595238095,389.9583928571429
vírica,390.03863095238097,390.3395238095238
a 10,390.58028169014085,390.6605633802817
millones,391.0619718309859,391.48345070422533
de,391.5637323943662,391.64401408450703
niños.,391.7042253521127,392.06549295774647
¿Qué,393.1492957746479,393.249647887324
pasaría,393.3098591549296,393.71126760563385
en,393.7915492957747,393.89190140845074
este,393.9721830985916,394.1327464788733
caso?,394.21302816901414,394.43380281690145
Después,396.20000000000005,396.3403684210527
de,396.36042105263164,396.40052631578953
"vacunarlos,",396.4205789473685,396.92189473684215
un 10%,397.16252631578953,397.2627894736843
de,398.0247894736843,398.105
los 10,398.1451052631579,398.2253157894737
millones,398.5862631578948,398.96726315789476
tendría,399.1477368421053,399.5888947368422
fiebre.,399.7092105263158,400.030052631579
"A 500.000,",400.05010526315795,400.0701578947369
el 5%,400.33084210526323,400.41105263157897
desaparecería,400.4712105263158,400.8321578947369
un,403.8400533333334,404.04058666666674
leve,404.06064000000003,404.2611733333334
zarpullido.,404.30128,404.8828266666667
Hasta 100,405.5445866666667,405.74512000000004
"niños,",406.08602666666667,406.40688
"un 0,001%,",406.42693333333335,406.46704
tendrían,409.19429333333335,409.5552533333333
que,409.59535999999997,409.69562666666667
ser,409.77584,409.89616
tratados,409.9763733333333,410.39749333333333
por,410.5178133333333,410.6381333333333
una,410.6982933333333,410.79855999999995
reacción,410.8787733333333,411.21968
alérgica,411.46026726057903,411.9212917594655
grave.,412.0215144766147,412.3422271714922
Hasta 10,413.26427616926503,413.4847661469933
"chicos,",413.8455679287305,414.24645879732736
"el 0,0001%",414.2665033407572,417.1729621380846
podrían,417.5337639198218,417.8544766146993
sufrir,417.9346547884187,418.2152783964365
inflamación,418.27541202672603,418.796570155902
de,418.83665924276164,418.91683741648103
genitales.,419.01706013363025,419.4580400890868
Y,420.4001886792453,420.4603773584905
hasta,420.5005031446541,420.7412578616352
un,420.841572327044,420.9017610062893
total,420.9418867924528,421.2027044025157
de 10,421.2428301886792,421.3230817610063
"niños,",421.68421383647797,421.98515723270435
"el 0,0001%",422.2259119496855,422.2861006289308
podrían,424.79396226415093,425.0949056603773
sufrir,425.17515723270435,425.4359748427673
el,425.5764150943396,425.65666666666664
efecto,425.69679245283015,425.9776729559748
secundario,426.0378616352201,426.5394339622641
más,426.55949685534586,426.71999999999997
"serio,",426.9206369426751,427.10121019108277
encefalitis.,427.48242038216557,428.18464968152864
De,428.94707006369424,429.0273248407643
modo,429.06745222929936,429.2680891719745
"que,",429.32828025477704,429.46872611464966
tras,429.60917197452227,429.8098089171974
vacunar,429.84993630573246,430.23114649681526
a 10,430.2712738853503,430.33146496815283
millones,430.6725477707006,431.0136305732484
de,431.07382165605094,431.154076433121
"niños,",431.21426751592355,431.47509554140123
unos 120,431.7961146496815,431.9365605095541
en,432.1572611464968,432.21745222929934
total,432.2575796178344,432.43815286624204
sufrirían,433.20078260869565,433.62260869565216
unos,433.7431304347826,433.92391304347825
efectos,433.98417391304343,434.3055652173913
secundarios,434.36582608695653,434.8880869565217
bastante,435.04878260869566,435.53086956521736
graves.,435.6112173913043,435.9526956521739
Gracias,436.79634782608696,437.09765217391305
a,437.11773913043476,437.1378260869565
los,437.25834782608695,437.37886956521737
buenos,437.41904347826085,437.64
tratamientos,437.7808092485549,438.24346820809245
médicos,438.34404624277454,438.70612716763003
en,438.7865895953757,438.8670520231214
las,438.8871676300578,438.9676300578035
zonas,439.0279768786127,439.2693641618497
"desarrolladas,",439.34982658959535,439.93317919075145
la,440.1343352601156,440.2147976878613
mayoría,440.2550289017341,440.5969942196532
se,440.67745664739886,440.7579190751445
pondría,440.8383815028902,441.0596531791908
bien.,441.34078571428574,441.58164285714287
¿Y,442.68557142857145,442.7257142857143
qué,442.7859285714286,442.88628571428575
pasa,442.96657142857146,443.2074285714286
con,443.26764285714285,443.38807142857144
el,443.4282142857143,443.5085
autismo?,443.54864285714285,443.9701428571429
La,444.61242857142855,444.6927142857143
conexión,444.773,445.1945
entre,445.21457142857145,445.45542857142857
el,445.4755,445.5357142857143
autismo,445.5959285714286,446.05757142857146
y,446.0977142857143,446.15792857142856
las,446.2181428571429,446.31850000000003
vacunas,446.3787142857143,446.74
sólo,447.1014117647059,447.2620392156863
la,447.3021960784314,447.38250980392155
establece,447.4427450980392,447.8844705882353
una,447.9045490196078,448.0049411764706
fuente,448.08525490196075,448.386431372549
que,448.44666666666666,448.5269803921569
ha,448.567137254902,448.64745098039214
sido,448.68760784313724,448.86831372549017
refutada,448.9486274509804,449.43050980392155
en,449.4505882352941,449.4907450980392
innumerables,449.7718431372549,450.33403921568623
ocasiones.,450.434431372549,450.8962352941176
En,451.9202830188679,452.0207547169811
la,452.04084905660375,452.10113207547164
descripción,452.14132075471696,452.6235849056603
del,452.66377358490564,452.7843396226415
vídeo,452.82452830188674,453.1862264150943
hay,453.3670754716981,453.48764150943396
enlaces,453.54792452830185,453.9498113207547
a,454.11056603773585,454.1507547169811
más,454.21103773584906,454.35169811320753
material,454.4119811320755,454.79377358490564
para,454.8540566037736,454.99471698113206
profundizar,455.07509433962264,455.6377358490566
en,455.69801886792453,455.7783962264151
el,455.79849056603774,455.8788679245283
"tema,",455.89896226415095,456.0999056603774
pero,456.6619708029197,456.8024817518248
hoy,456.9831386861314,457.1236496350365
en,457.1838686131387,457.2440875912409
día,457.30430656934305,457.5251094890511
es,457.8864233576642,457.96671532846716
justo,458.0470072992701,458.2678102189781
asegurar,458.3280291970803,458.70941605839414
que,458.7294890510949,458.7897080291971
las,458.9904379562044,459.09080291970804
vacunas,459.1309489051095,459.49226277372264
no,459.51233576642335,459.5524817518248
provocan,460.0944525547445,460.5360583941606
autismo.,460.59627737226276,460.99773722627737
De,461.0178102189781,461.0579562043796
De,461.62,461.8213422818792
"acuerdo,",461.84147651006714,462.123355704698
pero,462.5663087248322,462.7072483221477
¿qué,462.8079194630873,462.92872483221475
pasa,463.02939597315435,463.2710067114094
con,463.3515436241611,463.4723489932886
las,463.53275167785233,463.6334228187919
muertes?,463.6736912751678,463.9354362416107
Es,464.760562248996,464.88104417670684
muy,464.901124497992,465.0015261044177
difícil,465.041686746988,465.38305220883535
afirmar,465.44329317269074,465.7846586345382
que,465.84489959839357,465.9653815261044
ni,466.0055421686747,466.08586345381525
siquiera,466.1059437751004,466.40714859437753
uno,466.5677911646586,466.66819277108436
de,466.7083534136546,466.7886746987952
nuestros 10,466.82883534136545,467.15012048192773
millones,467.51156626506025,467.8529317269076
de,467.9131726907631,467.9934939759036
niños,468.05373493975907,468.35493975903614
vacunados,468.45534136546183,468.99751004016065
moriría.,469.09791164658634,469.479437751004
Lo,470.40391959798995,470.4843216080402
hemos,470.5446231155779,470.7456281407035
investigado,470.84613065326636,471.36874371859295
mucho,471.4491457286432,471.71045226130656
y,471.7305527638191,471.75065326633165
hablamos,472.1124623115578,472.39386934673365
con,472.4943718592965,472.6350753768844
muchos,472.6953768844221,472.95668341708546
expertos.,473.0169849246231,473.4591959798995
Si,474.0818473895582,474.18224899598397
descartamos,474.24248995983936,474.8047389558233
la,474.8649799196787,474.92522088353417
información,474.94530120481926,475.4272289156627
"subjetiva,",475.4473092369478,476.0898795180723
solo,476.41116465863456,476.5918875502008
hay,476.65212851405624,476.79269076305224
un,476.8529317269076,476.9131726907631
diminuto,476.9533333333333,477.334859437751
puñado,477.4352610441767,477.79670682730927
de,477.85694779116466,477.9372690763052
casos,478.0175903614458,478.2987148594378
documentados,478.3187951807229,478.62
frente,479.4222922636103,479.6228653295129
a,479.6629799426934,479.6830372492837
los,479.7231518624642,479.82343839541545
cientos,479.8836103151863,480.16441260744983
de,480.2045272206304,480.2847564469914
millones,480.3248710601719,480.6658452722063
de,480.72601719197706,480.78618911174783
niños,480.8664183381089,481.0870487106017
que,481.107106017192,481.16727793696276
han,481.30767908309457,481.40796561604583
recibido,481.4681375358166,481.8692836676218
la,481.9495128939828,482.0096848137536
triple,482.0899140401146,482.3707163323782
vírica,482.45094555873925,482.79191977077363
desde 1971.,483.1128366762178,483.35352435530086
El,486.7439024390244,486.84425087108013
sarampión,486.9044599303136,487.50655052264807
es,487.72731707317075,487.7875261324042
cientos,487.8678048780488,488.18891986062715
de,488.2290592334495,488.3093379790941
miles,488.36954703832754,488.59031358885017
de,488.63045296167246,488.71073170731705
veces,488.7709407665505,489.11212543554007
más,489.2124738675958,489.3328919860627
peligroso,489.41317073170734,489.91491289198603
para,489.9951916376307,490.15574912891987
nuestros,490.2560975609756,490.5972822299652
hijos,490.6574912891986,490.87825783972124
que,490.978606271777,491.0388153310104
el,491.0588850174216,491.0990243902439
peor,491.5408040201005,491.72170854271354
de,491.7619095477387,491.8222110552764
los,491.88251256281404,491.9830150753769
casos,492.06341708542715,492.32472361809045
de,492.38502512562815,492.44532663316585
los,492.5056281407035,492.60613065326635
efectos,492.666432160804,493.0081407035176
secundarios,493.0684422110553,493.6513567839196
de,493.67145728643214,493.7116582914573
la,493.9327638190955,493.99306532663314
vacuna.,494.05336683417084,494.37497487437184
Para,495.38,495.5205384615385
encontrar,495.54061538461536,495.86184615384616
efectos,495.92207692307693,496.2232307692308
secundarios,496.28346153846155,496.8255384615385
letales,496.90584615384614,497.32746153846153
hay,497.6687692307692,497.76915384615387
que,497.78923076923076,497.8896153846154
utilizar,497.92976923076924,498.3313076923077
una,498.512,498.63246153846154
lupa,498.73284615384614,498.99384615384616
de,499.034,499.13438461538465
muchísimos,499.1946153846154,499.7166153846154
aumentos,499.7969230769231,500.1583076923077
y,500.68026402640265,500.74046204620464
aún,500.8207260726073,501.00132013201323
así,501.0615181518152,501.28224422442247
es,501.44277227722773,501.54310231023106
difícil,501.6233663366337,501.98455445544556
encontrar,502.04475247524755,502.42600660066006
casos,502.5263366336634,502.787194719472
"confirmados,",502.88752475247526,503.4895049504951
pero,504.0312871287129,504.1717491749175
las,504.25201320132015,504.3724092409241
muertes,504.43260726072606,504.7737293729373
por,504.89412541254126,504.9944554455446
sarampión,505.0546534653465,505.55630363036306
son,505.8773597359736,506.0178217821782
reales,506.11815181518153,506.45927392739276
y,506.7605673758865,506.82099290780144
fáciles,506.92170212765956,507.3245390070922
de,507.4051063829787,507.48567375886523
hallar.,507.5058156028369,507.7878014184397
Tan,509.8210344827586,510.021724137931
solo,510.18227586206893,510.9448965517241
en 2017,510.96496551724135,511.00510344827586
el,511.2258620689655,511.28606896551725
sarampión,511.3262068965517,511.76772413793105
mató,511.8279310344828,512.0687586206897
a 110.000,512.0888275862069,512.1088965517241
personas,512.1891724137931,512.4300000000001
en,512.4701379310345,512.5504137931034
todo,512.5704827586206,512.6908965517241
el,512.8113103448276,512.9116551724138
mundo.,512.9718620689655,513.092275862069
"Estadísticamente,",515.4606030150754,516.2646231155779
hoy,516.5058291457286,516.6465326633166
matará,516.6867336683417,517.0083417085427
a 300,517.0284422110553,517.0485427135678
niños.,517.269648241206,517.4505527638191
Uno,519.5212413793104,519.6420689655173
desde,519.6823448275862,519.883724137931
que,519.924,520.0246896551724
empezó,520.0649655172414,520.4475862068965
este,520.5684137931034,520.7295172413793
video.,520.7899310344827,521.092
Comparemos,522.4209467455621,522.7830769230769
las,522.8434319526627,522.944023668639
vacunas,523.0043786982249,523.4469822485207
con,523.6280473372782,523.7286390532545
los,523.768875739645,523.8493491124261
cinturones,523.8895857988166,524.4528994082841
de,524.5333727810652,524.593727810651
seguridad.,524.6943195266273,525.0564497041421
¿Hay,525.8007486631017,525.9213903743316
algún,525.9817112299467,526.1626737967915
accidente,526.2028877005348,526.5849197860963
raro,526.725668449198,526.9669518716578
en,527.0071657754012,527.0674866310161
que,527.1278074866311,527.2484491978611
alguien,527.369090909091,527.6103743315509
muere,527.6706951871658,527.8918716577541
por,527.952192513369,528.072834224599
llevar,528.1130481283424,528.3543315508022
el,528.4146524064172,528.4749732620321
cinturón?,528.5151871657755,528.9575401069519
"Bueno,",529.5211235955057,529.7638202247192
sí.,530.1480898876405,530.2087640449439
"Pero,",531.3204484304933,531.5012556053812
¿quién,531.6820627802691,531.862869955157
piensa,531.9432286995516,532.2244843049327
que,532.2847533632288,532.385201793722
es,532.4253811659194,532.5258295964126
más,532.6061883408072,532.7066367713005
seguro,532.7468161434978,533.0079820627803
que,533.088340807175,533.1686995515695
su,533.2289686098655,533.3294170403587
hijo,533.3896860986547,533.6106726457399
no,533.7312107623319,533.8115695067265
lo,533.8718385650225,533.9521973094171
lleve,533.9923766816144,534.2133632286996
puesto?,534.3138116591929,534.595067264574
"Eh,",535.9033898305086,536.1677966101695
un,536.1881355932204,536.2491525423729
momento.,536.2898305084746,536.5949152542373
¿Y,537.0009009009009,537.0412612612612
si,537.1018018018018,537.243063063063
el,537.2834234234234,537.3641441441441
niño,537.4045045045045,537.6264864864864
es,537.7072072072071,537.7879279279279
alérgico?,537.8282882882883,538.2520720720721
¿Qué,539.280663507109,539.4012322274881
pasa,539.4615165876777,539.6624644549763
sin,539.7629383886256,539.9036018957346
nada,539.983981042654,540.1648341232227
de,540.2050236966825,540.2653080568721
lo,540.3054976303317,540.3657819905213
dicho,540.4260663507109,540.6672037914692
se,540.7475829383886,540.8279620853081
aplica,540.8882464454977,541.2097630331754
a,541.390616113744,541.4308056872038
un,541.4910900473933,541.5915639810427
caso,541.6719431279621,541.8929857819905
específico?,541.95327014218,542.4757345971564
De,543.4804016064257,543.5406425702811
ser,543.5808032128514,543.7213654618474
"así,",543.7816064257028,544.0225702811244
sus,544.3639357429719,544.5044979919679
padres,544.5647389558233,544.8057028112449
deberían,544.8659437751004,545.2474698795181
ser,545.3679518072289,545.52859437751
los,545.5888353413654,545.6892369477912
mayores,545.7896385542168,546.1109236947791
defensores,546.1912449799197,546.6932530120482
de,546.7534939759037,546.8338152610442
las,546.8739759036145,546.9743775100402
vacunas,547.0346184738955,547.4362248995984
de,547.5767871485943,547.657108433735
todos.,547.7374297188755,547.9783935742972
Porque,548.9820066889632,549.2830100334448
si,549.4636120401337,549.5438795986622
no,549.6040802675585,549.684347826087
pueden,549.8649498327759,550.1659531772575
vacunar,550.246220735786,550.6876923076923
a,550.7478929765887,550.7880267558528
su,550.8682943143813,550.9686287625418
"hijo,",551.0288294314381,551.2696321070234
solo,551.2896989966555,551.931839464883
la,551.9920401337793,552.0723076923077
colectividad,552.1525752508361,552.7947157190636
puede,552.9753177257525,553.1960535117057
protegerlo.,553.2763210702341,553.7980602006689
Es,554.7813377926421,554.8816722408027
la,554.941872909699,554.9820066889632
denominada,555.0422073578595,555.5840133779265
inmunidad,555.6241471571906,556.065618729097
de,556.1659531772575,556.266287625418
"rebaño,",556.3465551839465,556.7478929765887
lo,557.1291638795987,557.2094314381271
único,557.2896989966555,557.5305016722408
que,557.5907023411371,557.6709698996656
puede,557.7713043478261,557.9920401337793
resguardar,558.0923745819398,558.6141137123745
a,558.6341806020067,558.6542474916388
un,558.7746488294314,558.8549163879599
niño,558.9151170568562,559.1559197324415
sin,559.2763210702341,559.4368561872909
vacunar.,559.4970568561873,559.8381939799331
La,560.8021105527638,560.8423115577889
inmunidad,560.8825125628141,561.2845226130653
de,561.3247236180905,561.4051256281407
rebaño,561.485527638191,561.8674371859296
significa,561.9478391959799,562.4302512562814
que,562.5106532663317,562.631256281407
hay,562.7116582914573,562.8322613065327
tanta,562.9126633165829,563.1136683417085
gente,563.2141708542714,563.3950753768844
inmune,563.415175879397,563.7568844221106
a,563.7970854271357,563.8372864321608
una,563.9377889447236,564.0181909547739
enfermedad,564.0382914572864,564.3598994974874
que,564.8021105527638,564.8825125628141
no,564.9428140703518,565.0031155778894
puede,565.1237185929648,565.3247236180905
propagarse,565.3850251256281,565.9478391959799
y,565.9679396984925,565.988040201005
muere,566.2292462311558,566.4704522613065
antes,566.5307537688442,566.7116582914573
de,566.7518592964824,566.8322613065327
llegar,566.8724623115578,567.1337688442211
a,567.1538693467337,567.1739698492462
sus,567.2543718592965,567.3749748743719
víctimas.,567.4352763819095,567.7166834170854
Pero,568.6808595988539,568.8212607449857
para,568.9014899713467,569.0218338108882
lograrla,569.1020630372493,569.5032091690545
para,569.5834383954154,569.703782234957
el,569.7238395415472,569.8040687679083
"sarampione,",569.8441833810888,570.6865902578796
el 95%,570.8470487106017,571.0676790830945
de,571.8499140401146,571.9301432664756
las,571.9702578796562,572.0705444126074
personas,572.1307163323783,572.5118051575931
en,572.5318624641834,572.5719770773638
el,572.6321489971347,572.8327220630373
entorno,572.892893982808,573.2739828080229
del,573.3341547277937,573.4544985673352
niño,573.5146704871061,573.7353008595989
deben,573.9960458452722,574.216676217765
estar,574.2567908309455,574.5175358166189
vacunadas.,574.5777077363897,575.0189684813754
Conclusión,576.2486868686868,576.7941414141414
El,577.6008835341365,577.6812048192771
problema,577.7213654618474,578.0225702811244
con,578.102891566265,578.2434538152611
el,578.2836144578313,578.3639357429719
debate,578.4040963855422,578.7053012048193
sobre,578.8057028112449,578.9864257028113
las,579.0667469879518,579.1671485943775
vacunas,579.2073092369478,579.6289959839357
es,579.6490763052209,579.6892369477912
la,580.2715662650602,580.3518875502008
desigualdad,580.5928514056225,581.1952610441767
de,581.2956626506024,581.3559036144578
condiciones.,581.375983935743,581.9382329317269
Mientras,583.2242211055276,583.5257286432161
que,583.5659296482412,583.666432160804
los,583.7066331658291,583.807135678392
provacunas,583.8674371859296,584.4905527638191
argumentan,584.5106532663317,585.1136683417085
con,585.1538693467337,585.2945728643216
estudios,585.3347738693467,585.8774874371859
y,585.8975879396985,585.9176884422111
"estadísticas,",585.9377889447236,586.38
los,587.0422073578595,587.1425418060201
antibacunas,587.3432107023411,588.0054180602007
esgrimen,588.0254849498327,588.7478929765887
una,588.7880267558528,588.8883612040133
mezcla,588.9485618729097,589.2696321070234
de,589.3097658862877,589.390033444816
"corazonadas,",589.4703010033445,590.1124414715719
anécdotas,590.132508361204,591.0154515050167
y,591.0355183946489,591.0555852842809
desinformación.,591.3967224080268,592.1793311036789
Los,593.3649246231156,593.4654271356784
sentimientos,593.5056281407035,594.0684422110553
suelen,594.1488442211055,594.4101507537688
ser,594.4905527638191,594.6111557788945
inmunes,594.6513567839196,595.0332663316583
a,595.0533668341709,595.0734673366834
los,595.3548743718593,595.4754773869347
hechos.,595.5759798994975,595.736783919598
No,597.161954887218,597.2421553884711
convenceremos,597.3424060150376,598.0241102756892
a,598.0441604010025,598.0642105263158
nadie,598.224611528822,598.505313283208
"gritando,",598.6256140350877,599.0867669172932
pero,599.5479197994987,599.708320802005
no,599.7684711779449,599.848671679198
podemos,599.9088220551379,600.2496741854636
escondernos,600.3298746867168,600.911328320802
de,600.9714786967419,601.051679197995
la,601.0917794486215,601.1719799498746
realidad,601.2321303258145,601.552932330827
de,601.5729824561404,601.69328320802
lo,601.7333834586466,601.7935338345865
que,601.833634085213,601.9539348370927
provocan,602.0140852130326,602.4351378446115
las,602.4752380952381,602.5754887218045
conspiraciones,602.6356390977444,603.317343358396
anti,603.3373934837093,603.4175939849624
vacunas.,603.6982957393484,604.1393984962406
Matan,604.8825125628141,605.1840201005025
niños,605.2242211055276,605.5659296482412
demasiado,605.666432160804,606.128743718593
jóvenes,606.2091457286432,606.5307537688442
para,606.631256281407,606.771959798995
recibir,606.8724623115578,607.2141708542714
vacunas.,607.274472361809,607.6161809045226
Matan,608.5008053691275,608.6618791946308
niños,608.7021476510067,608.9236241610738
sanos,609.0041610738255,609.3263087248322
que,609.386711409396,609.4873825503356
simplemente,609.5679194630873,610.0914093959732
no,610.2726174496644,610.3531543624161
tienen,610.4739597315436,610.7558389261745
suerte.,610.8162416107383,611.0981208053691
Hacen,611.8423115577889,612.1237185929648
que,612.1639195979899,612.2644221105528
revivan,612.3247236180905,612.6865326633166
enfermedades,612.7267336683417,613.2895477386935
graves,613.3498492462312,613.6915577889447
que,613.7518592964824,613.8724623115578
estaban,613.9126633165829,614.2342713567839
a,614.2945728643216,614.3347738693467
punto,614.4352763819095,614.6764824120603
de,614.7166834170854,614.7970854271357
extinguirse.,614.8774874371859,615.2794974874372
El,615.942248995984,616.0426506024096
efecto,616.0828112449799,616.4040963855422
secundario,616.4241767068273,617.0667469879518
mayor,617.1269879518072,617.4281927710844
de,617.4683534136547,617.5486746987951
las,617.5888353413654,617.6892369477912
vacunas,617.7494779116466,618.1109236947791
es,618.1310040160643,618.1711646586346
el,618.532610441767,618.6129317269076
descenso,618.6530923694779,619.0747791164658
de,619.1149397590361,619.1952610441767
la,619.235421686747,619.2956626506024
mortalidad,619.3559036144578,619.8579116465863
infantil.,619.9583132530121,620.3398393574297
Las,621.2825787965616,621.4229799426934
vacunas,621.4831518624642,621.9444699140402
son,622.084871060172,622.2252722063038
una,622.2854441260745,622.3857306590257
de,622.4258452722063,622.4860171919771
las,622.5261318051575,622.6264183381089
herramientas,622.6665329512894,623.1880229226362
más,623.2883094555874,623.3885959885387
potentes,623.4688252148997,623.8699713467049
que,623.9301432664756,624.0304297994269
tenemos,624.0906017191977,624.431575931232
para,624.5318624641834,624.6722636103152
erradicar,624.7123782234956,625.1736962750716
los,625.2338681948424,625.354212034384
monstruos,625.434441260745,625.8757020057307
que,625.9158166189112,626.0161031518625
la,626.056217765043,626.1163896848137
mayoría,626.1565042979943,626.4974785100286
ya,626.5777077363897,626.677994269341
hemos,626.758223495702,626.9788538681948
olvidado.,627.0791404011461,627.38
No,628.1853691275168,628.2659060402684
permitamos,628.3665771812081,628.9504697986578
que,629.0511409395973,629.151812080537
las,629.2122147651006,629.3128859060403
bestias,629.3934228187919,629.7759731543624
vuelvan,629.9169127516778,630.1987919463087
a,630.2189261744967,630.2390604026846
atacar.,630.2591946308725,630.38
Este,632.5618181818181,632.7032323232323
video,632.7638383838383,633.0668686868687
ha,633.1072727272727,633.1880808080808
sido,633.2284848484849,633.390101010101
patrocinado,633.450707070707,634.0971717171717
por...,634.1779797979798,634.27898989899
Usted.,634.8085714285714,634.9922448979592
Si,635.661124497992,635.7414457831326
quiere,635.8016867469879,636.0024899598394
ayudarnos,636.0426506024096,636.524578313253
directamente,636.6048995983936,637.227389558233
para,637.3077108433735,637.4281927710844
que,637.4884337349398,637.5486746987951
hagamos,637.5888353413654,637.9703614457832
"más,",638.0707630522088,638.2514859437752
puede,638.532610441767,638.6932530120482
comprar,638.7735742971887,639.094859437751
algo,639.1350200803213,639.3358232931727
bonito,639.375983935743,639.7374297188755
en,639.7775903614457,639.817751004016
nuestra,639.8779919678715,640.1189558232932
"tienda,",640.1992771084338,640.3599196787148
o,640.7217085427136,640.7820100502513
convertirse,640.8222110552764,641.4453266331658
en,641.485527638191,641.5458291457286
patrocinador,641.5860301507538,642.2292462311558
y,642.2493467336683,642.2694472361809
unirse,642.6714572864322,642.9930653266332
al,643.0533668341709,643.1337688442211
Ejército,643.1739698492462,643.6563819095477
de,643.7568844221106,643.8171859296482
pájaros.,643.9377889447236,644.3196984924623
Aunque,645.1020630372493,645.3226934097421
no,645.3828653295129,645.4831518624642
debe,645.543323782235,645.7238395415472
sentirse,645.8040687679083,646.3055014326648
"obligado,",646.3656733524356,646.7868767908309
solo,647.107793696275,647.2883094555874
con,647.3685386819484,647.7095128939828
"ver,",647.7295702005731,647.7897421203438
comentar,647.8900286532951,648.3312893982808
o,648.5118051575931,648.5519197707737
compartir,648.6522063037249,649.1536389684813
nuestros,649.2138108882522,649.5146704871061
videos,649.5748424068768,649.8957593123209
ya,649.9158166189112,649.9559312320916
nos,650.1765616045845,650.2969054441261
ayuda,650.3570773638968,650.6378796561604
un,650.6579369627507,650.6980515759312
montón.,650.9989111747851,651.2797134670487
Pero,651.941872909699,652.0823411371238
si,652.1626086956521,652.2629431438127
desea,652.3030769230769,652.6241471571906
apoyarnos,652.6442140468228,653.1458862876254
"directamente,",653.2060869565217,653.828160535117
muchísimas,654.1090969899666,654.6308361204013
gracias.,654.7111036789298,655.0522408026756
Así,655.3131103678929,655.4736454849499
seguirán,655.5338461538462,655.8348494983278
siendo,655.8950501672241,656.1157859531772
gratis,656.23618729097,656.5773244147157
para,656.6776588628762,656.818127090301
todos.,656.9184615384615,657.1793311036789
